img_url,source_name,source_type,source_url
http://tu.zmzjstu.com/ftp/2017/0630/m_a0776553fcef81506dc28e4eb2c83a42.jpg,【韩国】《玉子》(Okja)2017,电影,http://www.zimuzu.tv//resource/35422
http://tu.zmzjstu.com/ftp/2017/0624/m_20dd7dda5126ec18a38894dbd83228d1.jpg,【韩国】《看见恶魔》(악마를 보았다 )2010,电影,http://www.zimuzu.tv//resource/35419
http://tu.zmzjstu.com/ftp/2017/0619/m_48c95ea82f6be8f5bd69a9328d8d85d4.jpg,【韩国】《鬼镜》(거울 속으로)2003,电影,http://www.zimuzu.tv//resource/35406
http://tu.zmzjstu.com/ftp/2017/0515/m_9945a8b34b09150014e1b55bbfac9a78.jpg,【韩国】《君主-假面的主人》(군주 - 가면의 주인)2017,韩剧,http://www.zimuzu.tv//resource/35352
http://tu.zmzjstu.com/ftp/2017/0505/m_0f4ee073677b8f8e5eca6e048d8be106.jpg,【韩国】《结束和开始 》(In My End is My Beginning)2013,电影,http://www.zimuzu.tv//resource/35336
http://tu.zmzjstu.com/ftp/2017/0505/m_2da61b6937840e3ad815efe23eae32c4.jpg,【韩国】《提线木偶》(꼭두각시)2013,电影,http://www.zimuzu.tv//resource/35335
http://tu.zmzjstu.com/ftp/2017/0505/m_644de6c235ad306ae278fa63d4bc4a61.jpg,【韩国】《后宫：帝王之妾》(후궁: 제왕의 첩)2012,电影,http://www.zimuzu.tv//resource/35334
http://tu.zmzjstu.com/ftp/2017/0505/m_ed73f686935e8ff46cba197157da00cf.jpg,【韩国】《下女》(The Housemaid)2010,电影,http://www.zimuzu.tv//resource/35333
http://tu.zmzjstu.com/ftp/2017/0504/m_a3d4510cea37764626b0786713e9c617.jpg,【韩国】《最强七友》(최강칠우)2008,韩剧,http://www.zimuzu.tv//resource/35331
http://tu.zmzjstu.com/ftp/2017/0504/m_7377ca7adeaad227d1c0b5fff5638ecb.jpg,【韩国】《灰姑娘的姐姐》(신데렐라 언니)2010,韩剧,http://www.zimuzu.tv//resource/35330
http://tu.zmzjstu.com/ftp/2017/0504/m_dea67204a9f0e029e7fdee281106c5a8.jpg,【韩国】《不汗党》(불한당)2008,韩剧,http://www.zimuzu.tv//resource/35329
http://tu.zmzjstu.com/ftp/2016/1013/m_513e155d0a4e09c8adf50f7541d9b7ee.jpeg,【韩国】《隧道》(The Tunnel )2016,电影,http://www.zimuzu.tv//resource/34813
http://tu.zmzjstu.com/ftp/2016/0918/m_3757b3581976a5bb25b32b9e2df609e5.jpg,【韩国】《釜山行》(Train to Busan)2016,电影,http://www.zimuzu.tv//resource/34752
http://tu.zmzjstu.com/ftp/2016/0915/m_7dc5f32dc17fbcde18a9ef4c6f8b4a28.jpeg,【韩国】《大虎》(The Tiger )2015,电影,http://www.zimuzu.tv//resource/34746
http://tu.zmzjstu.com/ftp/2016/0821/m_f0605aef84ca6ee4492d1da6ab63944f.jpg,【韩国】《仨朋友》(세친구)2001,韩剧,http://www.zimuzu.tv//resource/34629
http://tu.zmzjstu.com/ftp/2016/0701/m_5400892c1e8c2dbcd29f806985b4a0fa.jpg,【韩国】《季春奶奶》(Canola)2016,电影,http://www.zimuzu.tv//resource/34569
http://tu.zmzjstu.com/ftp/2016/0606/m_516d96bd3e79a77c686aa4d73a8abb2d.jpg,"【韩国】《机器人，SORI》(로봇, 소리)2016",电影,http://www.zimuzu.tv//resource/34513
http://tu.zmzjstu.com/ftp/2016/0529/m_d254eae0082b58cec7c54cde00f0ba58.jpg,【韩国】《伟大的愿望》(The Last Ride)2016,电影,http://www.zimuzu.tv//resource/34484
http://tu.zmzjstu.com/ftp/2016/0515/m_f0814f1daa1d72de19064ff78560e4e5.png,【韩国】《巧克力银行》(Choco Bank(초코뱅크))2016,韩剧,http://www.zimuzu.tv//resource/34468
http://tu.zmzjstu.com/ftp/2016/0430/m_122af4d253c574846c520fa387cc0154.jpg,【韩国】《鬼乡》(Spirits' Homecoming)2016,电影,http://www.zimuzu.tv//resource/34439
http://tu.zmzjstu.com/ftp/attachment/201006/5/m_577188_127571769580VR.jpg,【韩国】《那年夏天》(Once in a Summer)2006,电影,http://www.zimuzu.tv//resource/23289
http://tu.zmzjstu.com/ftp/2012/1001/m_d617d0d0c64672e2b07eb153cf8c0870.jpg,【韩国】《超速绯闻》(Speed Scandle)2008,电影,http://www.zimuzu.tv//resource/22906
http://tu.zmzjstu.com/ftp/attachment/201004/6/m_163302_1270555500rs9j.jpg,【韩国】《田禹治》(Jeon Woo Chi)2009,电影,http://www.zimuzu.tv//resource/22875
http://tu.zmzjstu.com/ftp/attachment/201003/25/m_163302_1269530871T24H.jpg,【韩国】《秘密》(Secret)2009,电影,http://www.zimuzu.tv//resource/22821
http://tu.zmzjstu.com/ftp/attachment/201003/25/m_216505_1269510160fF74.jpg,【韩国】《国家代表》(Take Off)2009,电影,http://www.zimuzu.tv//resource/22816
http://tu.zmzjstu.com/ftp/attachment/201003/18/m_163302_126892613016KC.jpg,【韩国】《假如爱有天意/不可不信缘/缘起不灭/爱有天意》(The Classic)2003,电影,http://www.zimuzu.tv//resource/22773
http://tu.zmzjstu.com/ftp/attachment/201003/18/m_163302_1268924992Yf10.jpg,【韩国】《婚纱/结婚礼服》(Wedding Dress)2010,电影,http://www.zimuzu.tv//resource/22772
http://tu.zmzjstu.com/ftp/attachment/201002/22/m_163302_1266850647JJi4.jpg,【韩国】《母亲/非常母亲(台)/骨肉同谋》(Mother)2009,电影,http://www.zimuzu.tv//resource/22569
http://tu.zmzjstu.com/ftp/attachment/201001/8/m_417924_1262956153E1E1.jpg,【韩国】《龙之战争》(Dragon Wars)2007,电影,http://www.zimuzu.tv//resource/22265
http://tu.zmzjstu.com/ftp/attachment/200912/25/m_216505_1261734302Q1UC.jpg,【韩国】《蔷花，红莲》(A Tale Of Two Sisters)2004,电影,http://www.zimuzu.tv//resource/22161
http://tu.zmzjstu.com/ftp/attachment/200911/29/m_264_1259503175X6T9.jpg,【韩国】《IRIS》(IRIS)2009,韩剧,http://www.zimuzu.tv//resource/10440
http://tu.zmzjstu.com/ftp/attachment/200909/24/m_301020_1253760071zKKk.jpg,【韩国】《金氏漂流记》(Castaway on the Moon)2009,电影,http://www.zimuzu.tv//resource/21015
http://tu.zmzjstu.com/ftp/attachment/200909/15/m_242907_1252988245oyWZ.jpg,【韩国】《中天》(The Restless)2006,电影,http://www.zimuzu.tv//resource/20889
http://tu.zmzjstu.com/ftp/attachment/200909/13/m_301020_12528497200kBk.jpg,【韩国】《比悲伤更悲伤的故事》(More Than Blue)2009,电影,http://www.zimuzu.tv//resource/20865
http://tu.zmzjstu.com/ftp/attachment/200909/13/m_301020_12528079948ip9.jpg,【韩国】《厨房》(The Naked Kitchen)2009,电影,http://www.zimuzu.tv//resource/20858
http://tu.zmzjstu.com/ftp/attachment/200907/21/m_388359_1248147994xqdQ.jpg,【韩国】《姐姐走了》(Project Makeover)2007,电影,http://www.zimuzu.tv//resource/20201
http://tu.zmzjstu.com/ftp/attachment/200907/17/m_64456_1247839398Q4vc.jpg,【韩国】《爱情正在直播》(On Air)2008,韩剧,http://www.zimuzu.tv//resource/10284
http://tu.zmzjstu.com/ftp/attachment/200907/8/m_301020_12470228001WpH.jpg,【韩国】《丑女大翻身》(200 Pounds Beauty)2006,电影,http://www.zimuzu.tv//resource/20023
http://tu.zmzjstu.com/ftp/2016/0417/m_64518fea58a7765de877bab6e5f7d2bf.jpeg,【韩国】《西部战线》(The Long Way Home)2015,电影,http://www.zimuzu.tv//resource/34421
http://tu.zmzjstu.com/ftp/2016/0216/m_4e72745ea76b4db5c2fc0c94465f1bb3.jpg,【韩国】《局内人》(Inside Men)2015,电影,http://www.zimuzu.tv//resource/34297
http://tu.zmzjstu.com/ftp/2012/0321/m_defe1dbfc58fd78bdbd6a43ce365ba0b.jpg,【韩国】《完美对垒》(Perfect Game )2011,电影,http://www.zimuzu.tv//resource/26268
http://tu.zmzjstu.com/ftp/2012/0312/m_afa41bb0fe360ce9251c03a24314e34b.jpg,【韩国】《登陆之日》(My Way)2012,电影,http://www.zimuzu.tv//resource/26203
http://tu.zmzjstu.com/ftp/attachment/201112/19/m_163302_1324294093xmm5.jpg,【韩国】《潇洒人生》(The Story Of My Life)2011,电影,http://www.zimuzu.tv//resource/25844
http://tu.zmzjstu.com/ftp/attachment/201112/2/m_163302_1322811864Z474.jpg,【韩国】《北村方向》(The Day He Arrives)2011,电影,http://www.zimuzu.tv//resource/25755
http://tu.zmzjstu.com/ftp/2017/0505/m_43ebf3b24ec05c7933e3903ab87a0a82.jpg,【韩国】《银娇》(Eun-kyo)2012,电影,http://www.zimuzu.tv//resource/26719
http://tu.zmzjstu.com/ftp/2012/0705/m_91daf2badf47f75db369e08726518326.jpg,【韩国】《借尸还魂》(Over My Dead Body)2012,电影,http://www.zimuzu.tv//resource/26706
http://tu.zmzjstu.com/ftp/2016/0103/m_a59888bc85213a515c8b1c414a53cc01.jpg,【韩国】《愤怒的律师》(The.Advocate：A.Missing.Body)2015,电影,http://www.zimuzu.tv//resource/34195
http://tu.zmzjstu.com/ftp/2015/1220/m_43f564eb37c81414c14319bc1fbc8acb.jpg,【韩国】《第36届韩国青龙奖电影奖颁奖典礼》(The 36th Blue Dragon Film Awards)2015,电影,http://www.zimuzu.tv//resource/34145
http://tu.zmzjstu.com/ftp/2015/1205/m_432d4533af5421e2a94aa70453653867.jpg,【韩国】《对不起，我爱你，谢谢你》(Summer Snow)2015,电影,http://www.zimuzu.tv//resource/34132
http://tu.zmzjstu.com/ftp/2015/1127/m_2fba527d2013cf9554eb43a30c10a8f3.jpg,【韩国】《侦探：为了原点》(The Accidental Detective)2015,电影,http://www.zimuzu.tv//resource/34119
http://tu.zmzjstu.com/ftp/2015/1108/m_7d579ae5b641e28a7a0b57cdc37d868a.jpg,【韩国】《思悼》(The Throne)2015,电影,http://www.zimuzu.tv//resource/34079
http://tu.zmzjstu.com/ftp/2015/1101/m_ce12e27feb94174d069acb62105a5238.jpg,【韩国】《我的爱我的新娘》(My Love My Bride)2014,电影,http://www.zimuzu.tv//resource/34064
http://tu.zmzjstu.com/ftp/2012/0309/m_d2d720d1ffafdb358ec6064260eed2da.jpg,【韩国】《领跑人》(Pace Maker)2012,电影,http://www.zimuzu.tv//resource/26187
http://tu.zmzjstu.com/ftp/2012/0307/m_b2cfb08ca19e359cdd45d2df3e6c772a.jpg,【韩国】《考拉小子：英雄的诞生》(The Outback)2012,电影,http://www.zimuzu.tv//resource/26163
http://tu.zmzjstu.com/ftp/2013/0314/m_453d0625a434d6e2a4f020239e4e0f67.jpg,【韩国】《我的见鬼女友》(Scary Romance)2011,电影,http://www.zimuzu.tv//resource/26126
http://tu.zmzjstu.com/ftp/attachment/201202/25/m_216505_1330137162zt98.jpg,【韩国】《深海之战》(SECTOR 7)2011,电影,http://www.zimuzu.tv//resource/26119
http://tu.zmzjstu.com/ftp/2012/0312/m_a4805cb59bc7d0a788bbf1c43e75a176.jpg,【韩国】《永无结局的故事》(Never Ending Story)2012,电影,http://www.zimuzu.tv//resource/26094
http://tu.zmzjstu.com/ftp/attachment/201202/11/m_216505_13289610920300.jpg,【韩国】《最终兵器:弓》(War of the Arrows)2011,电影,http://www.zimuzu.tv//resource/26066
http://tu.zmzjstu.com/ftp/2013/0420/m_16e412ff32302d95927e34bb28ee5031.jpg,【韩国】《特殊案件专案组》(TEN)2011,韩剧,http://www.zimuzu.tv//resource/11112
http://tu.zmzjstu.com/ftp/attachment/201111/19/m_163302_1321709409mHLN.jpg,【韩国】《倒计时》(Countdown)2011,电影,http://www.zimuzu.tv//resource/25694
http://tu.zmzjstu.com/ftp/attachment/201111/14/m_163302_13212754663c53.jpg,【韩国】《痛症》(Pain)2011,电影,http://www.zimuzu.tv//resource/25675
http://tu.zmzjstu.com/ftp/attachment/201111/14/m_163302_1321260541eGz4.jpg,【韩国】《花美男拉面馆》(FlowerBoy RamyunShop)2011,韩剧,http://www.zimuzu.tv//resource/11101
http://tu.zmzjstu.com/ftp/attachment/201111/13/m_163302_1321159846J4B4.jpg,【韩国】《蓝盐》(Hindsight)2011,电影,http://www.zimuzu.tv//resource/25661
http://tu.zmzjstu.com/ftp/attachment/201011/20/m_163302_1290270604n33h.jpg,【韩国】《金福南杀人事件始末》(Bedevilled)2010,电影,http://www.zimuzu.tv//resource/24222
http://tu.zmzjstu.com/ftp/2012/0531/m_eb8e49801b01ea4126e4658162b03f82.jpg,【韩国】《爱情小说》(Love Fiction),电影,http://www.zimuzu.tv//resource/26648
http://tu.zmzjstu.com/ftp/2012/0525/m_f2d865112d95adcf8be7b5e89284ded8.jpg,【韩国】《仁医》(Dr.Jin)2012,韩剧,http://www.zimuzu.tv//resource/26637
http://tu.zmzjstu.com/ftp/2012/0525/m_7c52ad236ddba7ec571632c3a252c212.jpg,【韩国】《绅士的品格》(The Dignity Of The Gentleman)2012,韩剧,http://www.zimuzu.tv//resource/26636
http://tu.zmzjstu.com/ftp/2012/0521/m_193a2cedc49914fa6015567ac8f6da95.jpg,【韩国】《人类灭亡报告书》(Doomsday Book)2012,电影,http://www.zimuzu.tv//resource/26613
http://tu.zmzjstu.com/ftp/2012/0516/m_3b91384cfb99af91ed9ac8a5281b6452.jpg,【韩国】《The King 2 Hearts》(The King 2 Hearts)2012,韩剧,http://www.zimuzu.tv//resource/26577
http://tu.zmzjstu.com/ftp/attachment/201107/14/m_163302_13106338221sMH.jpg,【韩国】《可疑的顾客们》(Suicide Forecast)2011,电影,http://www.zimuzu.tv//resource/25031
http://tu.zmzjstu.com/ftp/2015/1028/m_a86581ca70e33e3577712d2db020f589.jpg,【韩国】《老手》(Veteran)2015,电影,http://www.zimuzu.tv//resource/34053
http://tu.zmzjstu.com/ftp/2015/1019/m_f2a35c22d4e926b675644decedd57092.jpg,【韩国】《暗杀》(Assassination)2015,电影,http://www.zimuzu.tv//resource/34037
http://tu.zmzjstu.com/ftp/2015/1013/m_4c20101492d08d501c51476058e6bc31.jpg,【韩国】《蝴蝶：成人世界》(Butterfly: Adult World)2015,电影,http://www.zimuzu.tv//resource/34015
http://tu.zmzjstu.com/ftp/2015/1003/m_f13064f3dbec39b2256136d754f95e6b.jpg,【韩国】《妻子小姐》(Wonderful Nightmare)2015,电影,http://www.zimuzu.tv//resource/33971
http://tu.zmzjstu.com/ftp/2015/1002/m_cf378306bbf1a0ae8f97057b2a0b5d98.jpg,【韩国】《治外法权》(Untouchable Lawmen)2015,电影,http://www.zimuzu.tv//resource/33968
http://tu.zmzjstu.com/ftp/2015/0905/m_5988982153d288b0565662fa7433ac1f.jpg,【韩国】《密阳》(Secret Sunshine)2007,电影,http://www.zimuzu.tv//resource/33869
http://tu.zmzjstu.com/ftp/attachment/201202/8/m_163302_1328668099ReeS.jpg,【韩国】《相拥而泣》(Drifting Away)2011,电影,http://www.zimuzu.tv//resource/26052
http://tu.zmzjstu.com/ftp/attachment/201202/6/m_163302_1328545632WZ2Q.jpg,【韩国】《特搜本部》(Special Investigation Bureau)2011,电影,http://www.zimuzu.tv//resource/26047
http://tu.zmzjstu.com/ftp/attachment/201202/5/m_163302_1328458741Yl23.jpg,【韩国】《情侣们》(Couples)2011,电影,http://www.zimuzu.tv//resource/26045
http://tu.zmzjstu.com/ftp/attachment/201201/29/m_163302_1327829376B9ie.jpg,"【韩国】《事物的秘密》(Secrets, Objects)2011",电影,http://www.zimuzu.tv//resource/26017
http://tu.zmzjstu.com/ftp/attachment/201201/26/m_163302_13275874161ymy.jpg,【韩国】《少年菀得》(The Punch)2011,电影,http://www.zimuzu.tv//resource/26010
http://tu.zmzjstu.com/ftp/attachment/201201/15/m_163302_1326600614f77o.jpg,【韩国】《攒钱罗曼史》(Many a Little Romance)2011,电影,http://www.zimuzu.tv//resource/25978
http://tu.zmzjstu.com/ftp/attachment/201111/11/m_163302_1321007548ZVcx.jpg,【韩国】《冠军》(Champ)2011,电影,http://www.zimuzu.tv//resource/25653
http://tu.zmzjstu.com/ftp/attachment/201111/11/m_163302_13210081288jru.jpg,【韩国】《无法忍受》(Loveholic)2010,电影,http://www.zimuzu.tv//resource/25614
http://tu.zmzjstu.com/ftp/attachment/201110/18/m_163302_1318952839ZPNz.jpg,【韩国】《快递惊魂》(Quick)2011,电影,http://www.zimuzu.tv//resource/25468
http://tu.zmzjstu.com/ftp/2015/1030/m_dfc7840e431c6c25834196c25a5cb4f0.jpg,【韩国】《盲证》(Blind)2011,电影,http://www.zimuzu.tv//resource/25397
http://tu.zmzjstu.com/ftp/attachment/201110/12/m_163302_1318388459vdYK.jpg,【韩国】《荣光的在仁》(Glorious.Jane)2011,韩剧,http://www.zimuzu.tv//resource/11055
http://tu.zmzjstu.com/ftp/attachment/201109/27/m_163302_1317130373755b.jpg,【韩国】《朋友之间》(Just Friends)2009,电影,http://www.zimuzu.tv//resource/25298
http://tu.zmzjstu.com/ftp/attachment/201109/18/m_163302_13163432450Vt0.jpg,【韩国】《头脑玄机》(Link)2011,电影,http://www.zimuzu.tv//resource/25262
http://tu.zmzjstu.com/ftp/attachment/201011/18/m_577188_1290048194uqQW.jpg,【韩国】《第11个妈妈》(11th Mother)2007,电影,http://www.zimuzu.tv//resource/24215
http://tu.zmzjstu.com/ftp/attachment/201011/2/m_577188_1288669508qSe8.jpg,【韩国】《伙伴》(The City of Violence)2006,电影,http://www.zimuzu.tv//resource/24131
http://tu.zmzjstu.com/ftp/attachment/201011/1/m_577188_1288589166d9OB.jpg,【韩国】《我的爱》(My Love)2007,电影,http://www.zimuzu.tv//resource/24106
http://tu.zmzjstu.com/ftp/attachment/201010/16/m_577188_1287240222455s.jpg,【韩国】《爸爸喜欢女人》(Daddy Likes Woman)2010,电影,http://www.zimuzu.tv//resource/24027
http://tu.zmzjstu.com/ftp/attachment/201010/9/m_163302_1286589151ZBD3.jpg,【韩国】《苔藓》(Moss)2010,电影,http://www.zimuzu.tv//resource/23997
http://tu.zmzjstu.com/ftp/attachment/201009/20/m_301020_1284965999czoR.jpg,【韩国】《不信地狱》(Living Death/Possessed/Distrust Hell/Faithless Hell)2009,电影,http://www.zimuzu.tv//resource/23905
http://tu.zmzjstu.com/ftp/2012/0816/m_60cbe6cb5152a9f4065ca72f6e143afe.jpg,【韩国】《外出》(April Snow)2005,电影,http://www.zimuzu.tv//resource/27379
http://tu.zmzjstu.com/ftp/2012/0516/m_6d7b3f109e3dc41bfb37df6ecfa0f428.jpg,【韩国】《爱你》(LOVE YOU)2012,韩剧,http://www.zimuzu.tv//resource/26576
http://tu.zmzjstu.com/ftp/2012/0516/m_68779cd8d452e24e5b868f794c611000.jpg,【韩国】《建筑学概论》(Introduction to Architecture)2012,电影,http://www.zimuzu.tv//resource/26575
http://tu.zmzjstu.com/ftp/2012/0514/m_45a6f4428619418a8da6d4e50d464ad6.jpg,【韩国】《亲切的金子》(Lady Vengeance),电影,http://www.zimuzu.tv//resource/26561
http://tu.zmzjstu.com/ftp/2012/0511/m_e63f91597eab696d34f788d0f0a33506.jpg,【韩国】《我的老婆是大佬3》(My Wife Is a Gangster 3)2006,电影,http://www.zimuzu.tv//resource/26540
http://tu.zmzjstu.com/ftp/2012/0507/m_9ca6a3fb67dbde3824a6c6c3a4be6c1a.jpg,【韩国】《舞后》(Dancing Queen )2012,电影,http://www.zimuzu.tv//resource/26523
http://tu.zmzjstu.com/ftp/2012/0425/m_32359eff5bc9cb08ddb48c1f1a21cfed.jpg,【韩国】《鸡妈鸭仔》(Leafie: A Hen Into the Wild),电影,http://www.zimuzu.tv//resource/26477
http://tu.zmzjstu.com/ftp/attachment/201107/11/m_163302_13103549330uqA.jpg,【韩国】《消失的头颅》(Head)2011,电影,http://www.zimuzu.tv//resource/25024
http://tu.zmzjstu.com/ftp/attachment/201107/9/m_163302_1310213712w54M.jpg,【韩国】《间谍明月》(Spy MyeongWol)2011,韩剧,http://www.zimuzu.tv//resource/10892
http://tu.zmzjstu.com/ftp/attachment/201107/3/m_163302_1309689259c85V.jpg,【韩国】《黄海》(The Yellow Sea)2010,电影,http://www.zimuzu.tv//resource/25007
http://tu.zmzjstu.com/ftp/attachment/201107/1/m_163302_13094942432Fis.jpg,【韩国】《逮捕王》(Arrest King)2011,电影,http://www.zimuzu.tv//resource/24999
http://tu.zmzjstu.com/ftp/attachment/201106/28/m_163302_1309231298vCGI.jpg,【韩国】《西游记归来》(Supermonkey Returns)2011,电影,http://www.zimuzu.tv//resource/24990
http://tu.zmzjstu.com/ftp/2015/0902/m_487a698e9f279f3194d7b3b52be0034e.jpg,【韩国】《三个夏夜》(Three Summer Night)2015,电影,http://www.zimuzu.tv//resource/33866
http://tu.zmzjstu.com/ftp/2015/0830/m_051df033bce57a3a6c378e4e830aaf4f.jpg,【韩国】《国际市场》(Ode to My Father)2014,电影,http://www.zimuzu.tv//resource/33862
http://tu.zmzjstu.com/ftp/2015/0827/m_291e2eef2b6dc4506c68a5a44c9433ee.jpg,【韩国】《最后的慰安妇》(The Last Comfort Women)2015,电影,http://www.zimuzu.tv//resource/33857
http://tu.zmzjstu.com/ftp/2015/0817/m_991760efab5acae48750a475793d9651.jpg,【韩国】《晚春》(Late Spring)2014,电影,http://www.zimuzu.tv//resource/33846
http://tu.zmzjstu.com/ftp/2015/0802/m_658e2c874c2672b2872e3a7c80459212.jpg,【韩国】《延坪海战》(Northern Limit Line)2015,电影,http://www.zimuzu.tv//resource/33753
http://tu.zmzjstu.com/ftp/2015/0724/m_4e6d84693cacea29b648f879a19dc70d.jpg,【韩国】《少数意见》(Minority Opinion)2015,电影,http://www.zimuzu.tv//resource/33736
http://tu.zmzjstu.com/ftp/attachment/201201/11/m_163302_1326321807GVvY.jpg,【韩国】《捧日之月》(The Moon That Embraces the Sun)2012,韩剧,http://www.zimuzu.tv//resource/11150
http://tu.zmzjstu.com/ftp/attachment/201201/7/m_163302_1325954411PP7Z.jpg,【韩国】《只有你》(Always)2011,电影,http://www.zimuzu.tv//resource/25933
http://tu.zmzjstu.com/ftp/attachment/201112/31/m_163302_1325325040UXwv.jpg,【韩国】《宠物情人》(You Are The Pet)2012,电影,http://www.zimuzu.tv//resource/25906
http://tu.zmzjstu.com/ftp/attachment/201112/29/m_163302_132515055440oy.jpg,【韩国】《今天》(A Reason to Live)2011,电影,http://www.zimuzu.tv//resource/25896
http://tu.zmzjstu.com/ftp/attachment/201112/28/m_163302_13250784065XQ4.jpg,【韩国】《熔炉》(Silenced)2011,电影,http://www.zimuzu.tv//resource/25891
http://tu.zmzjstu.com/ftp/attachment/201112/28/m_163302_1325044410jTGQ.jpg,【韩国】《委托人》(The Client)2011,电影,http://www.zimuzu.tv//resource/25889
http://tu.zmzjstu.com/ftp/attachment/201109/14/m_252946_13159732153vdO.jpg,【韩国】《我脑中的橡皮擦》(A Moment To Remember)2004,电影,http://www.zimuzu.tv//resource/25244
http://tu.zmzjstu.com/ftp/attachment/201109/11/m_163302_1315753488imBv.jpg,【韩国】《波塞冬》(Poseidon)2011,韩剧,http://www.zimuzu.tv//resource/10977
http://tu.zmzjstu.com/ftp/attachment/201109/11/m_163302_1315740930URuq.jpg,【韩国】《禽兽》(The Beast)2011,电影,http://www.zimuzu.tv//resource/25231
http://tu.zmzjstu.com/ftp/2012/1010/m_528eabe0125c12966e54b7535a578c65.jpg,【韩国】《阳光姐妹淘》(Sunny)2011,电影,http://www.zimuzu.tv//resource/25219
http://tu.zmzjstu.com/ftp/attachment/201108/29/m_163302_1314592046U59P.jpg,【韩国】《猫：看见死亡的双眼》(Cat: Two Eyes That See Death)2011,电影,http://www.zimuzu.tv//resource/25184
http://tu.zmzjstu.com/ftp/attachment/201108/9/m_163302_1312864485Yd2j.jpg,【韩国】《女人的香气》(Scent of a woman)2012,韩剧,http://www.zimuzu.tv//resource/10919
http://tu.zmzjstu.com/ftp/attachment/201009/20/m_301020_12849658556YNK.jpg,【韩国】《梨泰院杀人事件》(The Case Of Itaewon Homicide)2009,电影,http://www.zimuzu.tv//resource/23901
http://tu.zmzjstu.com/ftp/2012/0831/m_d621adcf89819b6c198f84bde69edcd6.jpg,【韩国】《怪物/汉江怪物》(The Host)2006,电影,http://www.zimuzu.tv//resource/23887
http://tu.zmzjstu.com/ftp/attachment/201009/7/m_577188_1283824554ZYpO.jpg,【韩国】《手机》(Handphone)2009,电影,http://www.zimuzu.tv//resource/23847
http://tu.zmzjstu.com/ftp/attachment/201008/31/m_163302_1283262028oAQZ.jpg,【韩国】《被破坏的男人/被毁的男人》(Man Of Vendetta)2010,电影,http://www.zimuzu.tv//resource/23807
http://tu.zmzjstu.com/ftp/attachment/201008/15/m_163302_128187972262NP.jpg,【韩国】《我的女友是九尾狐》(My Girlfriend is a Gumiho)2010,韩剧,http://www.zimuzu.tv//resource/10614
http://tu.zmzjstu.com/ftp/attachment/201008/13/m_577188_1281707002MM79.jpg,【韩国】《相爱时我们说的话》(Solace)2006,电影,http://www.zimuzu.tv//resource/23703
http://tu.zmzjstu.com/ftp/2012/0721/m_0311af60e32f64e5705e73f247ca4faf.jpg,【韩国】《杀人回忆》(Memories of Murder)2003,电影,http://www.zimuzu.tv//resource/23690
http://tu.zmzjstu.com/ftp/2012/0829/m_373d75e24ac252d3c62da64ada56f2b2.jpg,【韩国】《卑劣的街头》(A Dirty Carnival)2006,电影,http://www.zimuzu.tv//resource/23670
http://tu.zmzjstu.com/ftp/attachment/201008/8/m_577188_1281270798u0uW.jpg,【韩国】《鬼/校园鬼》(Ghost)2010,电影,http://www.zimuzu.tv//resource/23669
http://tu.zmzjstu.com/ftp/attachment/201008/3/m_541506_1280818965U3g7.jpg,【韩国】《幻想情侣》(환상의 커플)2012,韩剧,http://www.zimuzu.tv//resource/10606
http://tu.zmzjstu.com/ftp/attachment/201007/11/m_163302_1278830098ZR1R.jpg,【韩国】《畅销书》(Best Seller)2010,电影,http://www.zimuzu.tv//resource/23512
http://tu.zmzjstu.com/ftp/2012/0814/m_07a5c0ad13e413962c868a9a5203fa46.jpg,【韩国】《我是公务员》(我是公务员)2012,电影,http://www.zimuzu.tv//resource/27360
http://tu.zmzjstu.com/ftp/2012/0809/m_2689aa7e0de47d33999611675873e601.jpg,【韩国】《鬼怪密林》(Hansel.and.Gretel)2007,电影,http://www.zimuzu.tv//resource/27284
http://tu.zmzjstu.com/ftp/2012/0807/m_45c228f7a66a6fd16b00d883e14bf01c.jpg,【韩国】《不明影像》(Don't Click)2012,电影,http://www.zimuzu.tv//resource/27277
http://tu.zmzjstu.com/ftp/2012/0807/m_b50673a0ea035c20121270ddbb08fa90.jpg,【韩国】《天国的孩子们》(Children in Heaven)2012,电影,http://www.zimuzu.tv//resource/27273
http://tu.zmzjstu.com/ftp/2012/0804/m_bae69c4cc565ba067e8a7eb6ae8e10a3.jpg,【韩国】《车警官》(Runway Cop)2012,电影,http://www.zimuzu.tv//resource/27244
http://tu.zmzjstu.com/ftp/2012/0802/m_f5ace284a2a7238600ea244c01b2afc3.jpg,【韩国】《大明星》(Super Star )2012,电影,http://www.zimuzu.tv//resource/27201
http://tu.zmzjstu.com/ftp/2012/0731/m_b479aaa8ae647d8f40058f7265d460c9.jpg,【韩国】《我妻子的一切》(All About My Wife)2012,电影,http://www.zimuzu.tv//resource/27182
http://tu.zmzjstu.com/ftp/2012/0727/m_2e97e267583093afc8f2d3446581620c.jpg,【韩国】《危险的见面礼》(Clash.of.the.Families)2011,电影,http://www.zimuzu.tv//resource/27149
http://tu.zmzjstu.com/ftp/2012/0726/m_782ffb369152b03a85dc09ad74f3fc8c.jpg,【韩国】《与犯罪的战争：坏家伙的全盛时代》(Nameless.Gangster.)2012,电影,http://www.zimuzu.tv//resource/27143
http://tu.zmzjstu.com/ftp/2012/0726/m_0c7872ace0368690537d5d68aa971af5.jpg,【韩国】《韩朝梦之队》(Korea)2012,电影,http://www.zimuzu.tv//resource/27124
http://tu.zmzjstu.com/ftp/2012/0725/m_cc0632f53f81498a07391e1885b6decb.jpg,【韩国】《阿里郎》(Arirang)2011,电影,http://www.zimuzu.tv//resource/27100
http://tu.zmzjstu.com/ftp/2012/0424/m_6a2f0a62f3143bacaa8f590c0ec249ba.jpg,【韩国】《十八，十九》(Eighteen Ninteen)2012,电影,http://www.zimuzu.tv//resource/26474
http://tu.zmzjstu.com/ftp/2012/0422/m_51018c8b53ed018f1e2dc7507a8d9e44.jpg,【韩国】《与罪犯的战争》(War With Crime：Hey Days Of Bastards),电影,http://www.zimuzu.tv//resource/26471
http://tu.zmzjstu.com/ftp/2012/0421/m_7839de840610591a3cccb5e23ba8946b.jpg,【韩国】《关键一击》(Punch Line)2011,电影,http://www.zimuzu.tv//resource/26464
http://tu.zmzjstu.com/ftp/2012/0421/m_6af3f919240b69fdc01773d3545fa284.jpg,【韩国】《爸爸》(PAPA )2012,电影,http://www.zimuzu.tv//resource/26461
http://tu.zmzjstu.com/ftp/2012/0421/m_540b19e457c19a0fa97e5dc2175b35dc.jpg,【韩国】《断箭》(Unbowed)2012,电影,http://www.zimuzu.tv//resource/26460
http://tu.zmzjstu.com/ftp/2012/0421/m_66ef31e10121ab34515e2f96ad7707ce.jpg,【韩国】《我的野蛮女友》(My Sassy Girl)2001,电影,http://www.zimuzu.tv//resource/26449
http://tu.zmzjstu.com/ftp/2012/0324/m_18a0f6dca36d469e8a2b03ccfd134abd.jpg,【韩国】《完美广播》(Wonderful Radio)2012,电影,http://www.zimuzu.tv//resource/26276
http://tu.zmzjstu.com/ftp/attachment/201106/25/m_163302_1309015448isQ3.jpg,【韩国】《守望者》(Bleak Night)2011,电影,http://www.zimuzu.tv//resource/24984
http://tu.zmzjstu.com/ftp/attachment/201106/7/m_163302_13074294488nW3.jpg,【韩国】《再见我的微笑》(Goodbye My Smile)2011,电影,http://www.zimuzu.tv//resource/24912
http://tu.zmzjstu.com/ftp/2013/0708/m_73cb6f0f5affbaf4455ecb57f901e702.jpg,【韩国】《城市猎人》(City Hunter)2011,韩剧,http://www.zimuzu.tv//resource/10848
http://tu.zmzjstu.com/ftp/attachment/201105/11/m_163302_1305146285l2Zu.jpg,【韩国】《浪漫小镇》(Romance Town)2011,韩剧,http://www.zimuzu.tv//resource/10843
http://tu.zmzjstu.com/ftp/2012/0710/m_a3b8cf664859b846a71334e30960d486.jpg,【韩国】《我是歌手》(Survival I'm a Singer)2012,韩剧,http://www.zimuzu.tv//resource/10822
http://tu.zmzjstu.com/ftp/attachment/201103/25/m_388359_1301027339SI2u.jpg,【韩国】《平壤城》(The City Of Pyeongyang)2011,电影,http://www.zimuzu.tv//resource/24680
http://tu.zmzjstu.com/ftp/attachment/201103/24/m_163302_1300979462ItdC.jpg,【韩国】《朝鲜名侦探：高山乌头花的秘密》(Detective K)2011,电影,http://www.zimuzu.tv//resource/24677
http://tu.zmzjstu.com/ftp/attachment/201103/3/m_388359_1299120318ae6O.jpg,【韩国】《快乐圣诞》(The Old Garden)2003,电影,http://www.zimuzu.tv//resource/24582
http://tu.zmzjstu.com/ftp/attachment/201102/17/m_163302_1297944547225f.jpg,【韩国】《大酱》(The Recipe)2010,电影,http://www.zimuzu.tv//resource/24527
http://tu.zmzjstu.com/ftp/attachment/201101/8/m_163302_1294498048NfEV.jpg,【韩国】《你好你好/难兄难弟》(Banga Banga)2010,电影,http://www.zimuzu.tv//resource/24413
http://tu.zmzjstu.com/ftp/attachment/201012/22/m_577188_1292997759bW5c.jpg,【韩国】《蜘蛛丛林》(Spider Forest)2004,电影,http://www.zimuzu.tv//resource/24331
http://tu.zmzjstu.com/ftp/attachment/201012/21/m_163302_1292940813ep31.jpg,【韩国】《深夜的FM/深夜电波》(Midnight FM)2010,电影,http://www.zimuzu.tv//resource/24319
http://tu.zmzjstu.com/ftp/2012/1007/m_142eeaec91b40a70e9e7b6b98f194ae4.jpg,【韩国】《随风而逝》(Gone With the Win/The.Grand.Heist)2012,电影,http://www.zimuzu.tv//resource/28125
http://tu.zmzjstu.com/ftp/2012/1002/m_5d148b0869ad10ef59165d0fad80e456.jpg,【韩国】《再见男孩》(Goodbye Boy)2011,电影,http://www.zimuzu.tv//resource/28084
http://tu.zmzjstu.com/ftp/2012/0924/m_8c78888ebf6d55660e384873398d78e5.jpg,【韩国】《单身的人上天堂》(The Heaven is Only Open to the Single )2012,电影,http://www.zimuzu.tv//resource/27961
http://tu.zmzjstu.com/ftp/attachment/201007/5/m_577188_1278374378lY9d.jpg,【韩国】《白夜行》(White Night)2009,电影,http://www.zimuzu.tv//resource/23470
http://tu.zmzjstu.com/ftp/attachment/201006/15/m_242907_1276594590F3O2.jpg,【韩国】《七级公务员》(7th Grade Civil Servant)2009,电影,http://www.zimuzu.tv//resource/23361
http://tu.zmzjstu.com/ftp/2012/1221/m_f42f23e9dca4a0b577728a1ad2088818.jpg,【韩国】《胡狼来了》(JAKAL)2012,电影,http://www.zimuzu.tv//resource/28690
http://tu.zmzjstu.com/ftp/2012/1219/m_f4cd39e1aae203cb31f840dbaf3a1152.jpg,【韩国】《丑闻》(Untold Scandal)2003,电影,http://www.zimuzu.tv//resource/28675
http://tu.zmzjstu.com/ftp/2012/1218/m_26ec80c8e4b9f1574b425b9ab22d5fe0.jpg,【韩国】《公司职员》(A Company Man )2012,电影,http://www.zimuzu.tv//resource/28665
http://tu.zmzjstu.com/ftp/2012/1123/m_5a64327fabd3928c3b664e66802eb7a7.jpg,【韩国】《占卜师们》(Fortune Tellers)2012,电影,http://www.zimuzu.tv//resource/28503
http://tu.zmzjstu.com/ftp/2012/1119/m_ac47a12993f3a4b9f04c82f273cf8cc2.jpg,【韩国】《罗曼史·曹》(Romance Joe )2012,电影,http://www.zimuzu.tv//resource/28474
http://tu.zmzjstu.com/ftp/2012/1117/m_009b5853fdd9ef630ae6f15d426c8b49.jpg,【韩国】《广播明星》(Radio Star)2006,电影,http://www.zimuzu.tv//resource/28464
http://tu.zmzjstu.com/ftp/2012/1117/m_63cedc65aaa9a9c17e06c6c50e824796.jpg,【韩国】《雅典娜: 无间谍局》(Athena Goddess of War The Movie)2012,电影,http://www.zimuzu.tv//resource/28457
http://tu.zmzjstu.com/ftp/2012/0720/m_92c2db23ff6d42cec012765612feedd6.jpg,【韩国】《珍贵日子的梦想》(Green Days)2011,电影,http://www.zimuzu.tv//resource/27034
http://tu.zmzjstu.com/ftp/2012/0720/m_5cd9a2b1d35a8055769e807e354966e6.jpg,【韩国】《高小姐计划》(Miss.Go)2012,电影,http://www.zimuzu.tv//resource/27032
http://tu.zmzjstu.com/ftp/2012/0713/m_88043576174fd703b4eee9f14318626d.jpg,【韩国】《嚎叫》(Howling)2012,电影,http://www.zimuzu.tv//resource/26918
http://tu.zmzjstu.com/ftp/2012/0712/m_59b41d0e968d22923fa0f102d018f582.jpg,【韩国】《八月照相馆》(Christmas in August)1998,电影,http://www.zimuzu.tv//resource/26909
http://tu.zmzjstu.com/ftp/2012/0710/m_c8e1778bbdb044568a519f7dd21ec929.jpg,【韩国】《太极旗飘扬》(Taegukgi.hwinalrimyeo)2004,电影,http://www.zimuzu.tv//resource/26864
http://tu.zmzjstu.com/ftp/2012/0709/m_f44288a5831f55f21b43b894214ba3fd.jpg,【韩国】《晴空战士》(Wonderful Days)2004,电影,http://www.zimuzu.tv//resource/26835
http://tu.zmzjstu.com/ftp/2012/0712/m_7bc6170716ded4ace357fdb54de85a2f.jpg,【韩国】《小企鹅宝露露》(Pororo)2012,韩剧,http://www.zimuzu.tv//resource/26791
http://tu.zmzjstu.com/ftp/2012/0705/m_85480be18d437a5fba11a280fcb4adaa.JPG,【韩国】《火车 》(Helpless)2012,电影,http://www.zimuzu.tv//resource/26721
http://tu.zmzjstu.com/ftp/attachment/201012/2/m_163302_1291314426k2ni.jpg,【韩国】《大叔》(This Man)2010,电影,http://www.zimuzu.tv//resource/24251
http://tu.zmzjstu.com/ftp/attachment/201011/24/m_163302_1290606103bNnz.jpg,【韩国】《恋爱操作团》(Cyrano Agency)2010,电影,http://www.zimuzu.tv//resource/24232
http://tu.zmzjstu.com/ftp/2012/1223/m_580de64b51800d5449b2454800ddf5d6.jpg,【韩国】《韩国热门MV合集(更新-《没关系是爱情》-davichi、《现在我不是》-beast等)》(Korean MV)2012,电影,http://www.zimuzu.tv//resource/27949
http://tu.zmzjstu.com/ftp/2012/0923/m_fccff3ecca3a982cee6151ea04302b6d.jpg,【韩国】《无影剑》(Shadowless Sword)2005,电影,http://www.zimuzu.tv//resource/27948
http://tu.zmzjstu.com/ftp/2012/0922/m_95bfa86d26263083781512b1e5e476c9.jpg,【韩国】《野兽》(Running Wild)2006,电影,http://www.zimuzu.tv//resource/27926
http://tu.zmzjstu.com/ftp/2012/0919/m_3ea0aba03dd03d5147273a07531d8065.jpg,【韩国】《胖嘟嘟的革命》(胖嘟嘟的革命)2012,电影,http://www.zimuzu.tv//resource/27881
http://tu.zmzjstu.com/ftp/2012/0918/m_046fe9a4bd0d5144d2c09cbb586dd47d.jpg,【韩国】《五百万美元的大丈夫》(A Millionaire on the Run )2012,电影,http://www.zimuzu.tv//resource/27868
http://tu.zmzjstu.com/ftp/2012/0917/m_6da6f780ec256973935149d04288a0e3.jpg,【韩国】《我是王》(I Am the King  )2012,电影,http://www.zimuzu.tv//resource/27855
http://tu.zmzjstu.com/ftp/2012/0917/m_cd7d9ae6473d4aecac43b6792039c979.jpg,【韩国】《爱上绝食女友》(Saibogujiman.kwenchana)2006,电影,http://www.zimuzu.tv//resource/27847
http://tu.zmzjstu.com/ftp/2012/0917/m_9bbe29ba1213a5ae05183a9501904573.jpg,【韩国】《极乐岛杀人事件》(Paradise Murdered)2007,电影,http://www.zimuzu.tv//resource/27839
http://tu.zmzjstu.com/ftp/2012/0909/m_8b7d801b6854053f870ea0d183d95a81.jpg,【韩国】《吸血鬼检察官2》(뱀파이어검사)2012,韩剧,http://www.zimuzu.tv//resource/27728
http://tu.zmzjstu.com/ftp/2012/0909/m_8dc501a9cd2f452bfb1341fda4a96fdb.jpg,【韩国】《老男孩》(Oldboys)2003,电影,http://www.zimuzu.tv//resource/27712
http://tu.zmzjstu.com/ftp/2013/0206/m_26c430123ef1f711996ebea91cebc0ca.jpg,【韩国】《光海-成为王的男人(双面君王)》(Masquerade)2012,电影,http://www.zimuzu.tv//resource/29052
http://tu.zmzjstu.com/ftp/2012/1216/m_f8ade103f2db791f87217a45b101a9b2.jpg,【韩国】《摇滚七十年代》(Go Go 70s)2008,电影,http://www.zimuzu.tv//resource/28654
http://tu.zmzjstu.com/ftp/2012/1214/m_8d4f7ac5ea085ba6188068a83047a9cb.jpg,【韩国】《第33届韩国青龙奖电影节颁奖典礼》(The 33rd Blue Dragon Film Awards)2012,电影,http://www.zimuzu.tv//resource/28647
http://tu.zmzjstu.com/ftp/2012/1212/m_5fb98697bf30213454a192a04c6466a7.jpg,【韩国】《桃树》(The.Peach.Tree)2012,电影,http://www.zimuzu.tv//resource/28631
http://tu.zmzjstu.com/ftp/2012/1209/m_43614fb92e331c9e906955b58d3bfe72.jpg,【韩国】《无情的城市》(Heartless City)2012,电影,http://www.zimuzu.tv//resource/28615
http://tu.zmzjstu.com/ftp/2012/1205/m_94acf577187f58cbaeff21ebf61fa4ef.jpg,【韩国】《晚秋》(Late Autumn)2012,电影,http://www.zimuzu.tv//resource/28588
http://tu.zmzjstu.com/ftp/2012/1205/m_e41e5fe8ce6f4f766ec09426426a57e1.jpg,【韩国】《冬日蝶》(Winter Butterfly )2011,电影,http://www.zimuzu.tv//resource/28587
http://tu.zmzjstu.com/ftp/2012/1205/m_8d58b278155ae939aaa0d3f7e8fc918b.jpg,【韩国】《汲取月光》(Scooping Up the Moonlight)2011,电影,http://www.zimuzu.tv//resource/28586
http://tu.zmzjstu.com/ftp/2012/1205/m_546fee189c4aa0a5f06cc7618e610704.jpg,【韩国】《洪吉童2084》(Hong Gil Dong 2084 )2011,电影,http://www.zimuzu.tv//resource/28585
http://tu.zmzjstu.com/ftp/2012/1205/m_82dc26af4a5e67b49669df397ecea4da.jpg,【韩国】《咖啡》(coffee)2012,电影,http://www.zimuzu.tv//resource/28584
http://tu.zmzjstu.com/ftp/2012/1205/m_fa98987e2f9bc85cc0edb768b65ae552.jpg,【韩国】《黑色咖啡》(Cafe Noir )2010,电影,http://www.zimuzu.tv//resource/28583
http://tu.zmzjstu.com/ftp/2012/1205/m_c2c53914cd108c9c3c84713831dee0c6.jpg,【韩国】《普通的恋爱》(Ordinary’s love )2012,韩剧,http://www.zimuzu.tv//resource/28579
http://tu.zmzjstu.com/ftp/2012/1204/m_8c19d6f766f34145dce4d03f6328df80.jpg,【韩国】《汉城大劫案》(The Big Swindle)2004,电影,http://www.zimuzu.tv//resource/28577
http://tu.zmzjstu.com/ftp/2013/0623/m_40dfdbd28036c5ec6b23fe4e5b06a154.jpg,【韩国】《美娜的文具店》(Mina's Stationary Shop)2013,电影,http://www.zimuzu.tv//resource/30198
http://tu.zmzjstu.com/ftp/2013/0621/m_258705a6b03ebc115fd689f7c9867305.jpg,【韩国】《愤怒的伦理学》(An.Ethics.Lesson)2013,电影,http://www.zimuzu.tv//resource/30180
http://tu.zmzjstu.com/ftp/2013/0603/m_6adf45f21f7a7a59f36a9eca6e7d428f.jpg,"【韩国】《爱情剪子石头布》(Love of Rock, Paper, Scissors)2013",电影,http://www.zimuzu.tv//resource/30076
http://tu.zmzjstu.com/ftp/2012/1116/m_d47f9cd088cd2e08f4c7b226e7cc4e30.jpg,【韩国】《第49届韩国大钟奖电影颁奖典礼》(The 49th Annual Daejong Flim Award 2012)2012,电影,http://www.zimuzu.tv//resource/28445
http://tu.zmzjstu.com/ftp/2012/1113/m_1083bfd17598f1510b5072e3a21d2845.jpg,【韩国】《青葡萄砂糖：17年前的约定》(Grape.Candy)2012,电影,http://www.zimuzu.tv//resource/28438
http://tu.zmzjstu.com/ftp/2012/1112/m_bb8b65e334e161baccfb07e4b8f366e3.jpg,【韩国】《间谍》(The Spy)2012,电影,http://www.zimuzu.tv//resource/28429
http://tu.zmzjstu.com/ftp/2012/1110/m_cef25245b6f9944d69afcfef3a822706.jpg,【韩国】《爱你》(Love You)2011,电影,http://www.zimuzu.tv//resource/28419
http://tu.zmzjstu.com/ftp/2012/1109/m_b3a7eba23a91900be670469f02fdffdb.jpg,【韩国】《偕老》(Hand In Hand )2012,电影,http://www.zimuzu.tv//resource/28411
http://tu.zmzjstu.com/ftp/2012/1107/m_7d50b1d6e090cc30b23ddc7dca4a5946.jpg,【韩国】《旅愁》(Yeosu)2011,电影,http://www.zimuzu.tv//resource/28401
http://tu.zmzjstu.com/ftp/2012/1103/m_e84dbbe80e3496c82cd9756b9ad6a0ac.jpg,【韩国】《盗贼同盟》(The Thieves )2012,电影,http://www.zimuzu.tv//resource/28368
http://tu.zmzjstu.com/ftp/2012/1029/m_2a97b560d7d3a3cb0ddc8840d7a45171.jpg,【韩国】《空房间》(3-Iron)2004,电影,http://www.zimuzu.tv//resource/28341
http://tu.zmzjstu.com/ftp/2012/1028/m_7c3a416d058b32017b1d14f46340a30b.jpg,【韩国】《圣殇》(Pieta)2012,电影,http://www.zimuzu.tv//resource/28327
http://tu.zmzjstu.com/ftp/2012/1026/m_18eb43d5de3729a2f2b279c378d74612.jpg,【韩国】《R2B.返回基地》(R2B.Return to Base )2012,电影,http://www.zimuzu.tv//resource/28314
http://tu.zmzjstu.com/ftp/2012/1022/m_683b87b81bc55f2ac284a2eaa535541d.jpg,【韩国】《粉色》(Pink)2012,电影,http://www.zimuzu.tv//resource/28252
http://tu.zmzjstu.com/ftp/2012/1017/m_797a9633f9a5bcfccc22806b1bc995d6.jpg,【韩国】《邻居》(Neighbors)2012,电影,http://www.zimuzu.tv//resource/28194
http://tu.zmzjstu.com/ftp/2013/0410/m_3853f95575bb132ad62007e39ee73393.jpg,【韩国】《钢铁大吴》(Kangchel.Daeo )2012,电影,http://www.zimuzu.tv//resource/29660
http://tu.zmzjstu.com/ftp/2013/0405/m_1757ae43691f15d39e66fdc5ab7ab6dd.jpg,【韩国】《如果我告白的话》(The Winter of the Year was Warm)2012,电影,http://www.zimuzu.tv//resource/29621
http://tu.zmzjstu.com/ftp/2013/0402/m_7d993be8cf3d0d33da5a0a40b5ad225e.jpg,【韩国】《肚脐》(Belly Button)2013,电影,http://www.zimuzu.tv//resource/29605
http://tu.zmzjstu.com/ftp/2013/0823/m_f4d1662dc156a2a2285bb2be449c4803.jpg,【韩国】《啐啄同时》(Stateless Things)2011,电影,http://www.zimuzu.tv//resource/30569
http://tu.zmzjstu.com/ftp/2013/0818/m_4a74893c085c622b101fe423e8df3cf3.jpg,【韩国】《野兽之尾》(End of Animal)2011,电影,http://www.zimuzu.tv//resource/30534
http://tu.zmzjstu.com/ftp/2013/0818/m_c50db9db0cc1570fcfb30ebe9786bd45.jpg,"【韩国】《性、食物、女人》(301, 302)1995",电影,http://www.zimuzu.tv//resource/30531
http://tu.zmzjstu.com/ftp/2013/0813/m_ae864c4d6c7f917f9c8ad87ee05a4472.jpg,【韩国】《隐秘而伟大》(Secretly and Greatly)2013,电影,http://www.zimuzu.tv//resource/30508
http://tu.zmzjstu.com/ftp/2013/1127/m_41f223f50838ee1c3b924a550dc6b098.jpg,【韩国】《观相》(The Face Reader)2013,电影,http://www.zimuzu.tv//resource/31293
http://tu.zmzjstu.com/ftp/2013/1126/m_7c2fd7ccd09339aae1b66773ba7b65fd.jpg,【韩国】《惩戒者》(Days of Warth)2013,电影,http://www.zimuzu.tv//resource/31291
http://tu.zmzjstu.com/ftp/2013/1119/m_78c2b56d6368a23307616b220f635513.jpg,【韩国】《K先生》(Spy)2013,电影,http://www.zimuzu.tv//resource/31223
http://tu.zmzjstu.com/ftp/2012/0909/m_e1f8e28a7a1826e13f51f63243964636.jpg,【韩国】《在异国》(In Another Country )2012,电影,http://www.zimuzu.tv//resource/27697
http://tu.zmzjstu.com/ftp/2012/0904/m_1ce0ca5e65009f23496b6c13b142b32d.jpg,【韩国】《特暴龙3D 》(Tarbosaurus 3D)2012,电影,http://www.zimuzu.tv//resource/27615
http://tu.zmzjstu.com/ftp/2012/0903/m_327cd14a220a613f3702c229908a9e8b.jpg,【韩国】《春逝》(One Fine Spring Day)2001,电影,http://www.zimuzu.tv//resource/27607
http://tu.zmzjstu.com/ftp/2012/0830/m_fade199c4332b4a4497771bca8f7856a.jpg,【韩国】《两个婚礼一个葬礼》(Two Weddings And A Funeral )2012,电影,http://www.zimuzu.tv//resource/27559
http://tu.zmzjstu.com/ftp/2012/0830/m_ada8fa2bbb661ef4e0638c7f65c0f8cb.jpg,【韩国】《火车》(Helpess)2012,电影,http://www.zimuzu.tv//resource/27554
http://tu.zmzjstu.com/ftp/2012/0823/m_8f812eafd54630cb391259d271b69784.jpg,【韩国】《两个月亮》(Two Moons )2012,电影,http://www.zimuzu.tv//resource/27467
http://tu.zmzjstu.com/ftp/2012/0816/m_3b5029e3ec8ba8ba62ca3b922243535a.jpg,【韩国】《马屁王》(The King of Ass-Kissing)2012,电影,http://www.zimuzu.tv//resource/27381
http://tu.zmzjstu.com/ftp/2013/0204/m_2dceb9a4598dd1cd418393154a594c20.jpg,【韩国】《青出于蓝》(Day Trip )2013,电影,http://www.zimuzu.tv//resource/29039
http://tu.zmzjstu.com/ftp/2013/0202/m_63a79e5bee1daa89d37385758768c765.jpg,【韩国】《家门的荣誉5-家门的归还》(Marrying.The.Mafia.5)2012,电影,http://www.zimuzu.tv//resource/29020
http://tu.zmzjstu.com/ftp/2013/0131/m_06c1496b766e3024d7f3591c0971de48.jpg,【韩国】《26年》(26 Years )2012,电影,http://www.zimuzu.tv//resource/29008
http://tu.zmzjstu.com/ftp/2013/0130/m_4e23ee441826a199ee5e0db8f139b6e7.jpg,【韩国】《小小莲池》(작은 연못/The Bridge at Nogunri/Little Lotus Pond/A Little Pond)2009,电影,http://www.zimuzu.tv//resource/29000
http://tu.zmzjstu.com/ftp/2013/0129/m_bc114dd65f674fdb242fd42b8e82149f.jpg,【韩国】《高“档”车测 韩国版》(TopGear Korea)2011,韩剧,http://www.zimuzu.tv//resource/28998
http://tu.zmzjstu.com/ftp/2013/0129/m_13d18ff01b7f858d3b296740e207983c.jpg,【韩国】《Out Live》(飞天舞)2001,电影,http://www.zimuzu.tv//resource/28985
http://tu.zmzjstu.com/ftp/2013/0128/m_489eefa56122f0795e67ec56cc222e76.jpg,【韩国】《刑事》(Duelist)2005,电影,http://www.zimuzu.tv//resource/28982
http://tu.zmzjstu.com/ftp/2013/0124/m_2a1680d521035215e614ced4f2646ae2.jpg,【韩国】《朋友》(Friend)2001,电影,http://www.zimuzu.tv//resource/28950
http://tu.zmzjstu.com/ftp/2013/0123/m_8fa08666b633ac6c821822cf0d21457b.jpg,【韩国】《音痴诊所》(Vocalclinic)2012,电影,http://www.zimuzu.tv//resource/28947
http://tu.zmzjstu.com/ftp/2013/0117/m_671ae924a2f8f084fabe339196aa6ca3.jpg,【韩国】《触摸》(Touch)2012,电影,http://www.zimuzu.tv//resource/28899
http://tu.zmzjstu.com/ftp/2013/0106/m_d8d2c9eaf1dcc6b634f9fd856c6053ec.jpg,【韩国】《嫌疑人X》(Perfect.Number)2012,电影,http://www.zimuzu.tv//resource/28792
http://tu.zmzjstu.com/ftp/2012/1204/m_a6f60ecd79607ebbbc9bd3f7ddc50dee.jpg,【韩国】《My Queen》(My Queen)2012,韩剧,http://www.zimuzu.tv//resource/28573
http://tu.zmzjstu.com/ftp/2012/1201/m_133845045f8656bca3b89a7d61636f1f.jpg,【韩国】《清潭洞爱丽丝》(청담동 앨리스)2012,韩剧,http://www.zimuzu.tv//resource/28552
http://tu.zmzjstu.com/ftp/2012/1201/m_bd0a731b546b13504249b482dcec6b77.jpg,【韩国】《2012.Mnet亚洲音乐盛典.4部+红地毯》(2012MAMA.in HongKong)2012,电影,http://www.zimuzu.tv//resource/28550
http://tu.zmzjstu.com/ftp/2012/1126/m_4a52877f9408e6078daab958924cf483.jpg,【韩国】《北逃》(Crossing)2008,电影,http://www.zimuzu.tv//resource/28526
http://tu.zmzjstu.com/ftp/2012/1124/m_33a064ef4de6b1ad377db4905650c58a.jpg,【韩国】《两条线》(Two Lines)2012,电影,http://www.zimuzu.tv//resource/28506
http://tu.zmzjstu.com/ftp/2013/0530/m_09b5ca4007a2dbe884bd38a37839d4ed.jpg,【韩国】《落跑老爸》(Running Man)2013,电影,http://www.zimuzu.tv//resource/30060
http://tu.zmzjstu.com/ftp/2013/0529/m_6575c93e532879648d9b6a83c5523df8.jpg,【韩国】《读心术》(The Gifted Hands)2013,电影,http://www.zimuzu.tv//resource/30057
http://tu.zmzjstu.com/ftp/2013/0525/m_d5453c4a33c27cba0cd0b62a576e5c65.jpg,【韩国】《玩物》(Norigae)2013,电影,http://www.zimuzu.tv//resource/30033
http://tu.zmzjstu.com/ftp/2013/0524/m_fa3f6059c46df2a411fba3682f2f0a54.jpg,【韩国】《嘻哈青春》(The Beat Goes On)2012,电影,http://www.zimuzu.tv//resource/30024
http://tu.zmzjstu.com/ftp/2013/0515/m_5cca9e0f5be92c0eaef4e4f3a02ac00e.jpg,【韩国】《恋爱的温度》(Love Is)2013,电影,http://www.zimuzu.tv//resource/29950
http://tu.zmzjstu.com/ftp/2013/0515/m_cf659dc8eb65419d9487ac95c1f4d87f.jpg,【韩国】《波鲁鲁冰雪大冒险》(Pororo’s Racing Adventure)2013,电影,http://www.zimuzu.tv//resource/29948
http://tu.zmzjstu.com/ftp/2013/0508/m_55b4039fc55d4e792064bed555f23f94.jpg,【韩国】《不是任何人女儿的海媛》(Nobody's Daughter Haewon)2013,电影,http://www.zimuzu.tv//resource/29896
http://tu.zmzjstu.com/ftp/2013/0507/m_0216cbfa56de7836e6645fed37ea9379.jpg,【韩国】《新世界》(New World )2013,电影,http://www.zimuzu.tv//resource/29892
http://tu.zmzjstu.com/ftp/2013/0506/m_06011573bac4a430798c2d5b6ab4ec98.jpg,【韩国】《好朋友们》(Good.Friends)2013,电影,http://www.zimuzu.tv//resource/29882
http://tu.zmzjstu.com/ftp/2013/0425/m_676cdb532d154bd125dab853776685f7.jpg,【韩国】《两扇门》(2 Doors )2012,电影,http://www.zimuzu.tv//resource/29818
http://tu.zmzjstu.com/ftp/2013/0424/m_21bcaaa8ac31662080cda559dc36e19a.jpg,【韩国】《柏林》(The Berlin File)2013,电影,http://www.zimuzu.tv//resource/29813
http://tu.zmzjstu.com/ftp/2013/0423/m_c1f6293b87c208876655a165f2fca5f3.jpg,【韩国】《美丽的谎言》(Too Beautiful To Lie)2004,电影,http://www.zimuzu.tv//resource/29794
http://tu.zmzjstu.com/ftp/2012/1016/m_0830960bf5119bb362fc0a4a97579911.jpg,【韩国】《恐怖故事》(Horror Story)2012,电影,http://www.zimuzu.tv//resource/28184
http://tu.zmzjstu.com/ftp/2012/1014/m_e63bf6ccf2086d26b27fb0e180b4dd08.jpg,【韩国】《这就是我》(I AM:SMTOWN LIVE WORLD TOUR in Madison Square Garden )2012,电影,http://www.zimuzu.tv//resource/28165
http://tu.zmzjstu.com/ftp/2012/1013/m_2bb41ebf8f67423186dc44cf90f365b5.jpg,【韩国】《铁线虫入侵》(Yeongasi)2012,电影,http://www.zimuzu.tv//resource/28159
http://tu.zmzjstu.com/ftp/2012/1010/m_f9a1a8f0778f8cd547126479508f8b33.jpg,【韩国】《90分钟》(90 Minutes)2012,电影,http://www.zimuzu.tv//resource/28138
http://tu.zmzjstu.com/ftp/2013/0401/m_21ff4757930d4260f1f5f86fc9fa46f9.jpg,【韩国】《神汉流氓》(Baksoo.Gundal)2013,电影,http://www.zimuzu.tv//resource/29594
http://tu.zmzjstu.com/ftp/2013/0329/m_102111466e00739c5bf96dd67d4454ee.jpg,【韩国】《我的爱在我身边》(Closer to Heaven)2009,电影,http://www.zimuzu.tv//resource/29576
http://tu.zmzjstu.com/ftp/2013/0327/m_22a8bb9e2395042a759dd026d67f851c.jpg,【韩国】《麻烦终结者》(Troubleshooter)2010,电影,http://www.zimuzu.tv//resource/29546
http://tu.zmzjstu.com/ftp/2013/0324/m_e42c66e3b1aff0bd5e20c186f2dae3bf.jpg,【韩国】《薄荷糖》(Peppermint Candy)2000,电影,http://www.zimuzu.tv//resource/29523
http://tu.zmzjstu.com/ftp/2013/0320/m_77d60ec45509ec802a0a37a8deb02472.jpg,【韩国】《摩天楼》(The.Tower)2012,电影,http://www.zimuzu.tv//resource/29481
http://tu.zmzjstu.com/ftp/2013/0317/m_a1191113f235bdfc77b6d5aaca36c042.jpg,【韩国】《玉姬的电影》(Oki’s Movie)2010,电影,http://www.zimuzu.tv//resource/29442
http://tu.zmzjstu.com/ftp/2013/0315/m_3be5dc9c1cbd0ab135b2112d40a01ba6.jpg,【韩国】《绿头苍蝇》(Breathless)2009,电影,http://www.zimuzu.tv//resource/29421
http://tu.zmzjstu.com/ftp/2013/0313/m_2a223d28889e98b2ac1d15ef65c48cb9.jpg,【韩国】《南方大作战》(South  Bound  )2013,电影,http://www.zimuzu.tv//resource/29404
http://tu.zmzjstu.com/ftp/2013/0311/m_f2716d4cfab7aaef5e2f10b64ef47e83.jpg,【韩国】《我的小小英雄》(My little hero )2013,电影,http://www.zimuzu.tv//resource/29380
http://tu.zmzjstu.com/ftp/2013/0305/m_e13d0d89c5df1c758b8d9334c3650865.jpg,【韩国】《膝盖道士》(무릎팍도사)2012,韩剧,http://www.zimuzu.tv//resource/29320
http://tu.zmzjstu.com/ftp/2013/0302/m_bd841093b1dbfee2a439846d19d552f9.jpg,【韩国】《母亲》(Mother)2009,电影,http://www.zimuzu.tv//resource/29278
http://tu.zmzjstu.com/ftp/2013/0228/m_e4a3b4190131448db56bcacb89e9b47a.jpg,【韩国】《共谋者》(The Traffikers)2012,电影,http://www.zimuzu.tv//resource/29262
http://tu.zmzjstu.com/ftp/2014/0323/m_710f8d5d18ff633f2ce796a45ce0d1eb.jpg,【韩国】《雪国列车》(Snowpiercer)2013,电影,http://www.zimuzu.tv//resource/30478
http://tu.zmzjstu.com/ftp/2013/0807/m_c9bb5576253b52221b8c5716cef2183f.jpg,【韩国】《杀人漫画》(Killer Toon)2013,电影,http://www.zimuzu.tv//resource/30477
http://tu.zmzjstu.com/ftp/2013/0808/m_948dd9cfbd381d760493a7e5bdb589d9.jpg,【韩国】《主君的太阳》(The Master's Sun)2013,韩剧,http://www.zimuzu.tv//resource/30461
http://tu.zmzjstu.com/ftp/2013/0801/m_bd6a453456de07c2764c67ec3f00787c.jpg,【韩国】《女人是男人的未来》(Woman.Is.the.Future.of.Man)2004,电影,http://www.zimuzu.tv//resource/30437
http://tu.zmzjstu.com/ftp/2013/0801/m_c9fa51481ccf71d2209fec035872db37.jpg,【韩国】《处女心经》(Virgin.Stripped.Bare.by.Her.Bachelors.)2000,电影,http://www.zimuzu.tv//resource/30436
http://tu.zmzjstu.com/ftp/2013/0725/m_f550f397e863abb9343243f159fdabba.jpg,【韩国】《哆来之声》(Duresori: The Voice of East  )2012,电影,http://www.zimuzu.tv//resource/30384
http://tu.zmzjstu.com/ftp/2013/0724/m_61ad24d8f8a06412d27a935d6c096eca.jpg,【韩国】《樱桃呀，恋爱吧》(Cherry.Love)2013,电影,http://www.zimuzu.tv//resource/30381
http://tu.zmzjstu.com/ftp/2013/0723/m_22bee3a748b9ee4e821b7c39961e344f.jpg,【韩国】《恐怖故事2》(Horror Stories 2)2013,电影,http://www.zimuzu.tv//resource/30376
http://tu.zmzjstu.com/ftp/2013/0715/m_4e0970df49c2cb18b55eabc5adab0777.jpg,【韩国】《高龄化家族》(Aging Family)2013,电影,http://www.zimuzu.tv//resource/30341
http://tu.zmzjstu.com/ftp/2013/0710/m_0cf5222af658b74d04bd5a16554d9bac.jpg,【韩国】《傲气雄鹰》(Sky Force)2013,电影,http://www.zimuzu.tv//resource/30299
http://tu.zmzjstu.com/ftp/2013/0709/m_20bde1331bbf1ed4a07aba8c47e54b0f.jpg,【韩国】《蒙太奇》(Montage)2013,电影,http://www.zimuzu.tv//resource/30286
http://tu.zmzjstu.com/ftp/2013/0708/m_02c77fc02ccab9d480c6235095b8af63.jpg,【韩国】《难为情》(Life Is Peachy)2011,电影,http://www.zimuzu.tv//resource/30280
http://tu.zmzjstu.com/ftp/2013/1118/m_ecc8ce632a0c25724330a03a586a1358.jpg,【韩国】《像童话一样》(Like a fairy tale)2013,韩剧,http://www.zimuzu.tv//resource/31221
http://tu.zmzjstu.com/ftp/2013/1112/m_4b5e8262032ab5a8a1e697a03b55d06d.jpg,【韩国】《下女》(Hanyo)1970,电影,http://www.zimuzu.tv//resource/31143
http://tu.zmzjstu.com/ftp/2013/1110/m_346ad318687e6df85de3e68ab20b7094.jpg,【韩国】《触不到的恋人》(Il Mare)2000,电影,http://www.zimuzu.tv//resource/31136
http://tu.zmzjstu.com/ftp/2013/1106/m_a7448b1acfb46b734cfee0839013befe.jpg,【韩国】《毛骨悚然》(Sorum)2001,电影,http://www.zimuzu.tv//resource/31081
http://tu.zmzjstu.com/ftp/2013/1027/m_7ee81c1794762a12f9ab6622a5c37425.jpg,【韩国】《豆家族》(Kong's Family)2013,电影,http://www.zimuzu.tv//resource/30986
http://tu.zmzjstu.com/ftp/2013/1010/m_b804109b62e245a81e5105bb361f367a.jpg,【韩国】《流感》(The Flu )2013,电影,http://www.zimuzu.tv//resource/30848
http://tu.zmzjstu.com/ftp/2013/1009/m_f514ebf3577a10c25a752d070fd61b53.jpg,【韩国】《江原道之力》(The.Power.Of.Kangwon.Province)1998,电影,http://www.zimuzu.tv//resource/30838
http://tu.zmzjstu.com/ftp/2013/1006/m_49818f630236f393e915ab45383b05a4.jpg,【韩国】《帕帕罗蒂》(Paparotti)2013,电影,http://www.zimuzu.tv//resource/30809
http://tu.zmzjstu.com/ftp/2013/1005/m_8c1b26b95e24e2b22b04f6e5ae76aa4b.jpg,【韩国】《捉迷藏》(Hide Seek)2013,电影,http://www.zimuzu.tv//resource/30803
http://tu.zmzjstu.com/ftp/2013/1002/m_ef1df779a7d2d734be1e86304f1c6021.jpg,【韩国】《继承者们》(The Heirs)2013,韩剧,http://www.zimuzu.tv//resource/30766
http://tu.zmzjstu.com/ftp/2013/0925/m_5189e71651222108ff36eb87b97760ea.jpg,【韩国】《阳光男孩》(Sunshine Boys)2013,电影,http://www.zimuzu.tv//resource/30751
http://tu.zmzjstu.com/ftp/2013/0922/m_a4a57da32f5eb09e204be2f13cd4baac.jpg,【韩国】《恐怖直播》(The Terror Live)2013,电影,http://www.zimuzu.tv//resource/30731
http://tu.zmzjstu.com/ftp/2013/0907/m_4dd906291e34229ebb2d4cf423adb34b.jpg,【韩国】《实尾岛》(Silmido)2003,电影,http://www.zimuzu.tv//resource/30669
http://tu.zmzjstu.com/ftp/2013/0104/m_aee5caabfe094ae51da82fc05bc9b68c.jpg,【韩国】《2012SBS演技大赏》(2012SBS演技大赏)2012,电影,http://www.zimuzu.tv//resource/28778
http://tu.zmzjstu.com/ftp/2013/0102/m_6410d1c72a9d88235f2a09b7ddb79692.jpg,【韩国】《耶稣医院》(Jesus Hospital )2012,电影,http://www.zimuzu.tv//resource/28770
http://tu.zmzjstu.com/ftp/2012/1230/m_9522e6bd7222fdec11dbe23c73adb0f2.jpg,【韩国】《韩国各大电视台年底歌谣、综艺、演技大赏》(SBS.KBS.MBC)2012,电影,http://www.zimuzu.tv//resource/28742
http://tu.zmzjstu.com/ftp/2012/1229/m_d361c769bf18b340042fe6332292b61a.jpg,【韩国】《犯罪少年》(Juvenile Offender )2012,电影,http://www.zimuzu.tv//resource/28740
http://tu.zmzjstu.com/ftp/2012/1229/m_c90dc08e945f8be54c5f8f7e32893ce7.jpg,【韩国】《六年之痒》(Lovers of 6 Years)2008,电影,http://www.zimuzu.tv//resource/28738
http://tu.zmzjstu.com/ftp/2012/1228/m_310e86db1b86d425103b1d727fd9509a.jpg,【韩国】《心跳》(Beat)1997,电影,http://www.zimuzu.tv//resource/28731
http://tu.zmzjstu.com/ftp/2012/1226/m_32a861ac11c7673800f9962540430bbe.jpg,【韩国】《不哭妈妈》(Don't Cry Mommy )2012,电影,http://www.zimuzu.tv//resource/28722
http://tu.zmzjstu.com/ftp/2012/1224/m_6a98c163334ac4915867df4065154642.jpg,【韩国】《芭比》(Barbie)2012,电影,http://www.zimuzu.tv//resource/28714
http://tu.zmzjstu.com/ftp/2013/0422/m_489ff1101ec38337a60622365aa5ceaf.jpg,【韩国】《白夜》(White Night)2012,电影,http://www.zimuzu.tv//resource/29782
http://tu.zmzjstu.com/ftp/2013/0417/m_30c7d45b7ea932d61b6933b3c58a1e22.jpg,【韩国】《我和我的女友》(My Girl and I)2005,电影,http://www.zimuzu.tv//resource/29728
http://tu.zmzjstu.com/ftp/2017/0505/m_05cf12ea5da3246541a57f41f5ed1af3.png,【韩国】《7号房的礼物/七号房的礼物》(Gift.of.7th.Room/Miracle in Cell No.7)2013,电影,http://www.zimuzu.tv//resource/29726
http://tu.zmzjstu.com/ftp/2013/0415/m_507b66ac055ef85e6337a2aa689357b9.jpg,【韩国】《南营洞1985》(National Security)2012,电影,http://www.zimuzu.tv//resource/29717
http://tu.zmzjstu.com/ftp/2013/0412/m_b0b02815819a8d432b22ef3b9167e8f6.jpg,【韩国】《男人使用说明书》(Mens Manual)2013,电影,http://www.zimuzu.tv//resource/29679
http://tu.zmzjstu.com/ftp/2013/0223/m_d6174afb2f402b19fe6656f555001869.jpg,【韩国】《我的PS搭档》(My PS Partner )2012,电影,http://www.zimuzu.tv//resource/29174
http://tu.zmzjstu.com/ftp/2013/0221/m_2d462fd47db3c1c2ea8493fc0e2fda90.jpg,【韩国】《姐姐》(Sister)2013,电影,http://www.zimuzu.tv//resource/29161
http://tu.zmzjstu.com/ftp/2013/0218/m_9e2d679ba6ca938ac939257600fb0359.jpg,【韩国】《我是杀人犯》(I Am The Murderer)2012,电影,http://www.zimuzu.tv//resource/29135
http://tu.zmzjstu.com/ftp/2013/0214/m_bd8f35551572ed738e463ac04101fe8a.jpg,【韩国】《幸福》(Happiness)2007,电影,http://www.zimuzu.tv//resource/29101
http://tu.zmzjstu.com/ftp/2013/0208/m_3a9cecc776ef255532d35abc339aaf91.jpg,【韩国】《创可贴》(Banchangkko)2012,电影,http://www.zimuzu.tv//resource/29063
http://tu.zmzjstu.com/ftp/2013/0707/m_d457f6374a8bc9230d1976c19ae33f37.jpg,【韩国】《夜晚和白天》(Night And Day)2008,电影,http://www.zimuzu.tv//resource/30276
http://tu.zmzjstu.com/ftp/2013/0628/m_c7336d89e5c4b2e51ce043e1f7fe9ece.jpg,【韩国】《奶奶一年级》(My.Granny.is.a.Freshman)2012,电影,http://www.zimuzu.tv//resource/30235
http://tu.zmzjstu.com/ftp/2013/0627/m_365c56abde01efc01e539771f87dfd3f.jpg,【韩国】《传说的拳头》(Legendary Fist)2013,电影,http://www.zimuzu.tv//resource/30222
http://tu.zmzjstu.com/ftp/2013/0625/m_c056a35c21351577ddadb5af40d0bd19.jpg,【韩国】《全国歌唱竞赛》(The Singing Contest )2013,电影,http://www.zimuzu.tv//resource/30206
http://tu.zmzjstu.com/ftp/2013/0906/m_1bf2e3e45cf6e5e55792eeed50d2bf1e.jpg,【韩国】《炙热的告别》(Rockin'on.Heaven's.Door)2013,电影,http://www.zimuzu.tv//resource/30662
http://tu.zmzjstu.com/ftp/2013/0831/m_dad4be882448f16f37aea86f47d4c70d.jpg,【韩国】《芝瑟》(Jiseul)2012,电影,http://www.zimuzu.tv//resource/30626
http://tu.zmzjstu.com/ftp/2013/0827/m_65fd1438e4d4d33e5a898548d68842f0.jpg,【韩国】《监视者们》(Cold Eyes)2013,电影,http://www.zimuzu.tv//resource/30591
http://tu.zmzjstu.com/ftp/2013/0827/m_7ec6518eb48433dd4efa7ddb318e27d5.jpg,【韩国】《Healing Camp》(Healing Camp)2013,韩剧,http://www.zimuzu.tv//resource/30590
http://tu.zmzjstu.com/ftp/2014/0618/m_54e1331296b01d4be1873a525b491798.jpg,【韩国】《逆鳞》(The Fatal Encounter)2014,电影,http://www.zimuzu.tv//resource/32286
http://tu.zmzjstu.com/ftp/2014/0530/m_2d70095381238f68a5a8d2609c446ec7.jpg,【韩国】《优雅的谎言》(Elegant Lies)2014,电影,http://www.zimuzu.tv//resource/32165
http://tu.zmzjstu.com/ftp/2014/0508/m_aee5f9efb96ad333dec4808a1a59e7e8.jpg,【韩国】《奇怪的她》(Miss Granny)2014,电影,http://www.zimuzu.tv//resource/32098
http://tu.zmzjstu.com/ftp/2014/0505/m_a92be6ccf693d0081f2494a3f5b75558.jpg,【韩国】《回家的路》(Way Back Home)2013,电影,http://www.zimuzu.tv//resource/32094
http://tu.zmzjstu.com/ftp/2014/0428/m_5fbe59da111a402f88913ca3d93b515e.jpg,【韩国】《朝鲜美女三剑客》(The Huntresses)2014,电影,http://www.zimuzu.tv//resource/32060
http://tu.zmzjstu.com/ftp/2014/0425/m_94943c3764019e9248a3cee1d5e0ec95.jpg,【韩国】《怪物》(Monster)2014,电影,http://www.zimuzu.tv//resource/32056
http://tu.zmzjstu.com/ftp/2014/0422/m_18dda4d6797af80b58865889310f0d54.jpg,【韩国】《大明星》(Top Star)2013,电影,http://www.zimuzu.tv//resource/32052
http://tu.zmzjstu.com/ftp/2014/0415/m_d82b1ecff577f723fa6f4ccd30d09e6c.jpg,【韩国】《初恋大作战》(Marbling)2014,电影,http://www.zimuzu.tv//resource/32028
http://tu.zmzjstu.com/ftp/2014/0408/m_376c757e6d60e4d2e460877c79fccb13.jpg,【韩国】《当男人恋爱时》(Man.In.Love)2014,电影,http://www.zimuzu.tv//resource/32004
http://tu.zmzjstu.com/ftp/2014/0403/m_937d1f11b2048e6110fb67ded075e6a7.jpg,【韩国】《过山车》(Roller.Coaster )2013,电影,http://www.zimuzu.tv//resource/31981
http://tu.zmzjstu.com/ftp/2014/0331/m_d2a5ba8bb1114ae3296b4845c24490db.jpg,【韩国】《官能的法则》(Law.Of.Sensory)2014,电影,http://www.zimuzu.tv//resource/31966
http://tu.zmzjstu.com/ftp/2014/0322/m_e360fc92c893b823fa83a4a25e79b552.jpg,【韩国】《王的男人》(The King and the Clown)2005,电影,http://www.zimuzu.tv//resource/31904
http://tu.zmzjstu.com/ftp/2014/0322/m_ca7a04ec5fca60a81d6dec366c87bd1a.jpg,【韩国】《莫比乌斯》(Moebius)2013,电影,http://www.zimuzu.tv//resource/31902
http://tu.zmzjstu.com/ftp/2014/0319/m_9e9c3051c7795de946231bf52dd91004.jpg,【韩国】《七天》(Seven Days)2007,电影,http://www.zimuzu.tv//resource/31887
http://tu.zmzjstu.com/ftp/2014/0316/m_bb97442b3183b1c67f674cace2d79633.jpg,【韩国】《爱情小说删减内容》(Love Fiction)2012,电影,http://www.zimuzu.tv//resource/31868
http://tu.zmzjstu.com/ftp/2014/1109/m_dade358171de375207ef162981462662.jpg,【韩国】《举报者》(Whistle Blower)2014,电影,http://www.zimuzu.tv//resource/33112
http://tu.zmzjstu.com/ftp/2014/1104/m_203d8fe7a623fecc888d262c861f8251.jpg,【韩国】《老千2.神之手》(Tazza.2.The Hidden Card)2014,电影,http://www.zimuzu.tv//resource/33099
http://tu.zmzjstu.com/ftp/2014/1014/m_bd6d8f298dd0f73dd934bae3f26f9a08.jpg,【韩国】《海盗》(The Pirates)2014,电影,http://www.zimuzu.tv//resource/33015
http://tu.zmzjstu.com/ftp/2014/1013/m_8d46bc88e9990fa0326b1bdb19916e01.jpg,【韩国】《庆州》(Gyeongju)2014,电影,http://www.zimuzu.tv//resource/33012
http://tu.zmzjstu.com/ftp/2014/0210/m_19b6a58ce905192e9d1925671126f1bc.jpg,【韩国】《11时》(11:00 AM)2013,电影,http://www.zimuzu.tv//resource/31730
http://tu.zmzjstu.com/ftp/2014/0126/m_aebbb724fa0af0c10ecf6b92426bf4ed.jpg,【韩国】《偷心贼》(Steal My Heart /Catch Me )2013,电影,http://www.zimuzu.tv//resource/31670
http://tu.zmzjstu.com/ftp/2014/0123/m_2be58d312b41fd73e99318687959d328.jpg,【韩国】《同窗生》(Commitment)2013,电影,http://www.zimuzu.tv//resource/31652
http://tu.zmzjstu.com/ftp/2014/0119/m_9ecfff58e4711ab330f111bea354721c.jpg,【韩国】《猪堕井的那天》(The Day a Pig Fell Into the Well)1996,电影,http://www.zimuzu.tv//resource/31640
http://tu.zmzjstu.com/ftp/2014/0314/m_3e84be06e1214166e2bedfaaa23b0831.jpg,【韩国】《嫌疑人》(The Suspect)2013,电影,http://www.zimuzu.tv//resource/31865
http://tu.zmzjstu.com/ftp/2014/0310/m_a02b5dea9ace6538c8038acf55327e36.jpg,【韩国】《计划男》(The Plan Man)2014,电影,http://www.zimuzu.tv//resource/31844
http://tu.zmzjstu.com/ftp/2014/0303/m_f2acb0aa72845da5a729431ab3cb7ba9.jpg,【韩国】《辩护人》(The Attorney)2013,电影,http://www.zimuzu.tv//resource/31816
http://tu.zmzjstu.com/ftp/2014/0228/m_f6a8cb7d9ab6cfa34de604ef3e6c2c95.jpg,【韩国】《热血青春》(Hot Young Bloods)2014,电影,http://www.zimuzu.tv//resource/31799
http://tu.zmzjstu.com/ftp/2014/0221/m_2bb5dadc7960adfd58053d879d0086ab.jpg,【韩国】《小企鹅南极历险记》(Pengi and Sommi)2012,电影,http://www.zimuzu.tv//resource/31775
http://tu.zmzjstu.com/ftp/2014/1010/m_36621963d72d129bb2f3a47d5a15471e.jpg,【韩国】《臭屁虫》(Larva)2011,韩剧,http://www.zimuzu.tv//resource/33000
http://tu.zmzjstu.com/ftp/2014/1007/m_08e0a5550ccc9258c4bb825a8265f620.jpg,【韩国】《海雾》(Haemoo)2014,电影,http://www.zimuzu.tv//resource/32984
http://tu.zmzjstu.com/ftp/2014/0924/m_0a40b8308b87072ee4ffa736f86ee175.jpg,【韩国】《神之一手》(The Divine Move)2014,电影,http://www.zimuzu.tv//resource/32889
http://tu.zmzjstu.com/ftp/2014/0915/m_7cc7e83fb5bd64013481e25eccc327fb.jpg,【韩国】《一对一》(One on One)2014,电影,http://www.zimuzu.tv//resource/32854
http://tu.zmzjstu.com/ftp/2014/0915/m_f04122d6b6d53386b5697dc69b0e2f03.jpg,【韩国】《倒霉熊》(Bernard)2006,韩剧,http://www.zimuzu.tv//resource/32853
http://tu.zmzjstu.com/ftp/2014/0912/m_5d7ef01b85c7634c2ed5ebeedda4aa04.jpg,【韩国】《道熙呀》(A Girl at My Door)2014,电影,http://www.zimuzu.tv//resource/32840
http://tu.zmzjstu.com/ftp/2014/0909/m_26c71a6c63fce47fe6cfe927bcaa743c.jpg,【韩国】《群盗：民乱的时代》(KUNDO : Age of the Rampant)2014,电影,http://www.zimuzu.tv//resource/32824
http://tu.zmzjstu.com/ftp/2014/0827/m_7a97d9eed91133ee6c306277340c03f1.jpg,【韩国】《最强罗曼史》(Perfect Couple)2007,电影,http://www.zimuzu.tv//resource/32756
http://tu.zmzjstu.com/ftp/2014/0823/m_2c71d8f168b177fdb029a512dc3b3933.jpg,【韩国】《我的爱在我身边》(Closer.to.Heaven)2009,电影,http://www.zimuzu.tv//resource/32726
http://tu.zmzjstu.com/ftp/2014/0819/m_f20abb364803465f49f3d3cbb11c596e.jpg,【韩国】《走到尽头》(A Hard Day)2014,电影,http://www.zimuzu.tv//resource/32708
http://tu.zmzjstu.com/ftp/2014/0801/m_0ad5bd18a6a28ab720876fd09010a931.jpg,【韩国】《向着炮火》(71 Into The Fire)2010,电影,http://www.zimuzu.tv//resource/32585
http://tu.zmzjstu.com/ftp/2014/0724/m_827e63fba83c81dcceda980ffefcefa4.jpg,【韩国】《标靶》(The Target)2014,电影,http://www.zimuzu.tv//resource/32544
http://tu.zmzjstu.com/ftp/2014/0115/m_37fa7cf7ed895802478c43ce6e4f26ee.jpg,【韩国】《朋友2》(Friend : The Great Legacy)2013,电影,http://www.zimuzu.tv//resource/31626
http://tu.zmzjstu.com/ftp/2014/0112/m_2ae48b0273047e59ea750c84427fc75e.jpg,【韩国】《我们善熙》(Our Sunhi)2013,电影,http://www.zimuzu.tv//resource/31605
http://tu.zmzjstu.com/ftp/2014/0111/m_ef12e452f1583aaa3a1ab16449a018c4.jpg,【韩国】《白兰》(Failan)2001,电影,http://www.zimuzu.tv//resource/31602
http://tu.zmzjstu.com/ftp/2014/0107/m_99123e1c2608d5d8cc41ff57b9b2e1aa.jpg,【韩国】《绑架门口狗》(Barking Dogs Never Bite)2000,电影,http://www.zimuzu.tv//resource/31584
http://tu.zmzjstu.com/ftp/2014/0106/m_8a9bac7db98ef40fc56a0105bb47991d.jpg,【韩国】《她的演技》(You Are More Than Beautiful)2013,电影,http://www.zimuzu.tv//resource/31579
http://tu.zmzjstu.com/ftp/2014/0105/m_97d0516e86ae097339d186b19ff04a43.jpg,【韩国】《生生活活》(Saeng Saeng Hwal Hwal)2013,电影,http://www.zimuzu.tv//resource/31572
http://tu.zmzjstu.com/ftp/2014/0102/m_85556b6c2ef110f28c174ea0767a99b3.jpg,【韩国】《第34届韩国青龙奖电影节颁奖典礼》(The 34th Blue Dragon Film Awards)2013,电影,http://www.zimuzu.tv//resource/31553
http://tu.zmzjstu.com/ftp/2014/0101/m_c59caabda1a294f64c161f1ca16942da.jpg,【韩国】《2013.SBS.演技大赏》(2013.SBS.Drama.Awards)2013,电影,http://www.zimuzu.tv//resource/31549
http://tu.zmzjstu.com/ftp/2013/1231/m_a844502141d27a576e89a2e00fc0e158.jpg,【韩国】《强哲》(Tough as Iron)2013,电影,http://www.zimuzu.tv//resource/31541
http://tu.zmzjstu.com/ftp/2013/1229/m_bc804fe2292359352979315b1aa3729e.jpg,【韩国】《2013年末歌谣大战合集.韩国KBS.SBS.MBC》(Song)2013,电影,http://www.zimuzu.tv//resource/31533
http://tu.zmzjstu.com/ftp/2013/1231/m_b1be67de554f7e252256b83d05682e71.jpg,【韩国】《素媛》(Hope)2013,电影,http://www.zimuzu.tv//resource/31507
http://tu.zmzjstu.com/ftp/2013/1219/m_6b0ced8707206c9b3ac2d21077739253.jpg,【韩国】《周末同床》(Marriage is a Crazy Thing)2002,电影,http://www.zimuzu.tv//resource/31468
http://tu.zmzjstu.com/ftp/2014/0721/m_f5d5db9d3ab6af65444c8ec7ff694d8e.jpg,【韩国】《高跟鞋》(Man on High Heels)2014,电影,http://www.zimuzu.tv//resource/32527
http://tu.zmzjstu.com/ftp/2014/0719/m_f311e3f32c9afed82b8afddfa6e8f2f5.jpg,"【韩国】《没关系，是爱情啊》(It' Okay, That's love)2014",韩剧,http://www.zimuzu.tv//resource/32505
http://tu.zmzjstu.com/ftp/2014/0702/m_4a14e7ad6d3b8e8e0a3592b02bee8296.jpg,【韩国】《人间中毒》(Obsessed)2014,电影,http://www.zimuzu.tv//resource/32400
http://tu.zmzjstu.com/ftp/2014/0701/m_3a909a5411ef5de048d9184262e79e5f.jpg,【韩国】《记忆中的风琴》(The Harmonium in My Memory)1999,电影,http://www.zimuzu.tv//resource/32388
http://tu.zmzjstu.com/ftp/2013/1216/m_76e6f7dddb7fef18d7c64446ed6522c5.jpg,【韩国】《共犯》(Accomplices)2013,电影,http://www.zimuzu.tv//resource/31446
http://tu.zmzjstu.com/ftp/2013/1209/m_0b3e4c110efd18d16469af2355c6546c.jpg,【韩国】《屏息》(No Breathing)2013,电影,http://www.zimuzu.tv//resource/31380
http://tu.zmzjstu.com/ftp/2013/1206/m_5e4ec0568fbae0d91a98cc77e2a05918.jpg,【韩国】《变身小姐》(Miss.Change)2013,电影,http://www.zimuzu.tv//resource/31356
http://tu.zmzjstu.com/ftp/2013/1201/m_bbd5c2a613c432d654e74e89b57c6ca2.jpg,【韩国】《郎在远方》(Sunny)2008,电影,http://www.zimuzu.tv//resource/31335
http://tu.zmzjstu.com/ftp/2015/0719/m_280d99680357b486c867ba677ddabcca.jpg,【韩国】《极秘搜查》(The Classified File)2015,电影,http://www.zimuzu.tv//resource/33719
http://tu.zmzjstu.com/ftp/2015/0719/m_97bfe91411741c07f7eb45316a9379e2.jpg,【韩国】《抒情男高音》(The Tenor Lirico Spinto)2014,电影,http://www.zimuzu.tv//resource/33717
http://tu.zmzjstu.com/ftp/2015/0718/m_d5b6e9f25c10ed48b833ca3aedeeaf0c.jpg,【韩国】《奸臣》(The Treacherous)2015,电影,http://www.zimuzu.tv//resource/33714
http://tu.zmzjstu.com/ftp/2015/0712/m_14234e9fe966ca0e29d967fb0873e8b4.jpg,【韩国】《我的亲密敌人》(Intimate Enemies)2015,电影,http://www.zimuzu.tv//resource/33694
http://tu.zmzjstu.com/ftp/2015/0712/m_584a32cb2c61d2d59001c8d958dbfd94.jpg,【韩国】《京城学校：消失的少女们》(The Silenced)2015,电影,http://www.zimuzu.tv//resource/33693
http://tu.zmzjstu.com/ftp/2015/0706/m_aa898842aed4d20c473a23b635e81d0c.jpg,【韩国】《无赖汉》(The Shameless)2015,电影,http://www.zimuzu.tv//resource/33679
http://tu.zmzjstu.com/ftp/2015/0703/m_cd0eea76b24eec244e206d0e2f182ca9.jpg,【韩国】《偷狗的完美方法》(A Perfect Way To Steal A Dog)2014,电影,http://www.zimuzu.tv//resource/33674
http://tu.zmzjstu.com/ftp/2015/0702/m_22e292385432f39d1ec983566a1f3b94.jpg,【韩国】《江南1970》(Gangnam 1970)2015,电影,http://www.zimuzu.tv//resource/33670
http://tu.zmzjstu.com/ftp/2015/0626/m_9e1ac3fa0adc95032166f65c6809f5e0.jpg,【韩国】《我们是兄弟》(We Are Brothers)2014,电影,http://www.zimuzu.tv//resource/33658
http://tu.zmzjstu.com/ftp/2015/1230/m_51608992596bac96b003d9409507c0be.jpg,【韩国】《无限挑战》(Infinite Challenge)2005,韩综,http://www.zimuzu.tv//resource/33652
http://tu.zmzjstu.com/ftp/2015/0621/m_8adc0e1b7edc5835e7dbaad624b7a401.jpg,【韩国】《罪恶的编年史》(The Chronicles of Evil)2015,电影,http://www.zimuzu.tv//resource/33647
http://tu.zmzjstu.com/ftp/2015/0314/m_854b97a93444a5daca2132f9a22fd7f5.jpg,【韩国】《少年轻狂》(레디 액션 청춘)2014,电影,http://www.zimuzu.tv//resource/33397
http://tu.zmzjstu.com/ftp/2015/0313/m_11ac4868430da1d39c8d2c89b4261df4.jpg,【韩国】《江南1970》(강남 1970)2015,电影,http://www.zimuzu.tv//resource/33394
http://tu.zmzjstu.com/ftp/2015/0302/m_f14d4e6e4cde6d3436f2e0df8ca6aba6.jpg,【韩国】《高手们》(기술자들)2014,电影,http://www.zimuzu.tv//resource/33340
http://tu.zmzjstu.com/ftp/2015/0217/m_e28359603e7fc1a2a1435141cbfd838e.jpg,【韩国】《许三观》(Chronicle of a Blood Merchant)2015,电影,http://www.zimuzu.tv//resource/33306
http://tu.zmzjstu.com/ftp/2014/1215/m_21ea8c9f4bfde6238fbcf36fb5e07ac0.jpg,【韩国】《慢放镜头》(Slow.Video)2014,电影,http://www.zimuzu.tv//resource/33194
http://tu.zmzjstu.com/ftp/2014/1127/m_9d7022ba1e0cafdbb437457775fba04d.jpg,【韩国】《韩公主》(Han.Gong-ju)2014,电影,http://www.zimuzu.tv//resource/33159
http://tu.zmzjstu.com/ftp/2014/1119/m_ea09fb72e1e65618e755b8ea6cfce00b.jpg,【韩国】《布拉芙夫人》(Scarlet.Innocence)2014,电影,http://www.zimuzu.tv//resource/33140
http://tu.zmzjstu.com/ftp/2014/1114/m_27067ad614f1d4d1f4bdf6ec949070b8.jpg,【韩国】《怪谈少女》(Mourning Grave)2014,电影,http://www.zimuzu.tv//resource/33130
http://tu.zmzjstu.com/ftp/2014/1113/m_3e5450977da6e654ee2ce4c1add8d92f.jpg,【韩国】《下水井》(Manhole)2014,电影,http://www.zimuzu.tv//resource/33125
